{
  "noise_level": "extreme",
  "noise_params": {
    "joint_pos_std": 0.05,
    "joint_vel_std": 0.2,
    "object_pos_std": 0.15
  },
  "filter_alpha": 0.25,
  "num_episodes": 80,
  "baseline": {
    "success_rate": 0.17073170731707318,
    "avg_reward": 7.012321808716146,
    "avg_max_height": 0.11225724052183511
  },
  "filtered": {
    "success_rate": 0.18072289156626506,
    "avg_reward": 11.473843567342643,
    "avg_max_height": 0.13317985092121434
  },
  "improvement": {
    "success_rate_delta": 0.009991184249191876,
    "reward_delta": 4.461521758626497
  }
}