{
  "noise_level": "high",
  "noise_params": {
    "joint_pos_std": 0.02,
    "joint_vel_std": 0.1,
    "object_pos_std": 0.1
  },
  "num_samples": 5,
  "expected_noise_reduction": 0.4472135954999579,
  "num_episodes": 80,
  "baseline": {
    "success_rate": 0.6375,
    "avg_reward": 42.42980929166079,
    "avg_max_height": 0.26545739159919324
  },
  "multi_sample": {
    "success_rate": 0.9259259259259259,
    "avg_reward": 118.35957978684225,
    "avg_max_height": 0.3766376105723558
  },
  "improvement": {
    "success_rate_delta": 0.288425925925926,
    "reward_delta": 75.92977049518146
  }
}