{
  "noise_level": "high",
  "noise_params": {
    "joint_pos_std": 0.02,
    "joint_vel_std": 0.1,
    "object_pos_std": 0.1
  },
  "filter_alpha": 0.3333333333333333,
  "num_episodes": 50,
  "baseline": {
    "success_rate": 0.48,
    "avg_reward": 37.552420214414596,
    "avg_max_height": 0.2218708322197199
  },
  "filtered": {
    "success_rate": 0.56,
    "avg_reward": 50.11931142926216,
    "avg_max_height": 0.27941505923867227
  },
  "improvement": {
    "success_rate_delta": 0.08000000000000007,
    "reward_delta": 12.566891214847566
  }
}