{
  "noise_level": "extreme",
  "noise_params": {
    "joint_pos_std": 0.05,
    "joint_vel_std": 0.2,
    "object_pos_std": 0.15
  },
  "num_samples": 5,
  "expected_noise_reduction": 0.4472135954999579,
  "num_episodes": 80,
  "baseline": {
    "success_rate": 0.3333333333333333,
    "avg_reward": 11.628553127800977,
    "avg_max_height": 0.16617919398862638
  },
  "multi_sample": {
    "success_rate": 0.875,
    "avg_reward": 97.84294158667326,
    "avg_max_height": 0.37531492533162236
  },
  "improvement": {
    "success_rate_delta": 0.5416666666666667,
    "reward_delta": 86.21438845887229
  }
}