{
  "noise_level": "low",
  "noise_params": {
    "joint_pos_std": 0.005,
    "joint_vel_std": 0.02,
    "object_pos_std": 0.02
  },
  "num_episodes": 24,
  "success_rate": 1.0,
  "success_rate_std": 0.0,
  "avg_reward": 150.6362689336141,
  "std_reward": 6.758801031618901,
  "avg_max_height": 0.3774435619513194,
  "std_max_height": 0.057401309441780006
}