{
  "noise_level": "none",
  "noise_params": {
    "joint_pos_std": 0.0,
    "joint_vel_std": 0.0,
    "object_pos_std": 0.0
  },
  "num_episodes": 24,
  "success_rate": 1.0,
  "success_rate_std": 0.0,
  "avg_reward": 158.7960344950358,
  "std_reward": 2.6862117979204907,
  "avg_max_height": 0.35831276575724286,
  "std_max_height": 0.07780282438219033
}