{
  "noise_level": "none",
  "noise_params": {
    "joint_pos_std": 0.0,
    "joint_vel_std": 0.0,
    "object_pos_std": 0.0
  },
  "num_episodes": 32,
  "success_rate": 0.0625,
  "success_rate_std": 0.24206145913796356,
  "avg_steps": 250.0,
  "std_steps": 0.0,
  "avg_reward": 10.161494042724371,
  "std_reward": 32.064169091992774,
  "avg_max_height": 0.07101429207250476,
  "std_max_height": 0.06203310265591218
}