{
  "noise_level": "extreme",
  "noise_params": {
    "joint_pos_std": 0.05,
    "joint_vel_std": 0.2,
    "object_pos_std": 0.15
  },
  "num_episodes": 25,
  "success_rate": 0.24,
  "success_rate_std": 0.4270831300812524,
  "avg_reward": 10.018326363563538,
  "std_reward": 13.975435694184586,
  "avg_max_height": 0.12310121685266495,
  "std_max_height": 0.10918537291254679
}